{
    "warm_up": {
        "MAE": 0.7550806491320879,
        "RMSE": 0.8345545668034671,
        "NDCG@5": 0.6309037344877123,
        "n_tasks": 4215,
        "User_Fairness_Gap": 0.006141675426974524,
        "Path_Exposure_Var": 5736.619140625
    },
    "user_cold_testing": {
        "MAE": 0.8038705552971324,
        "RMSE": 0.9558993435825847,
        "NDCG@5": 0.8606049307677525,
        "n_tasks": 1208,
        "User_Fairness_Gap": 0.0054353839756372535,
        "Path_Exposure_Var": 84.49518585205078
    },
    "item_cold_testing": {
        "MAE": 0.9051153403404264,
        "RMSE": 1.0198056267651998,
        "NDCG@5": 0.7933135301213445,
        "n_tasks": 4663,
        "User_Fairness_Gap": 0.05090733839858963,
        "Path_Exposure_Var": 15437.8515625
    },
    "user_and_item_cold_testing": {
        "MAE": 0.9132051506861918,
        "RMSE": 1.0294350910957186,
        "NDCG@5": 0.8208807669516519,
        "n_tasks": 1174,
        "User_Fairness_Gap": 0.0031757375969498902,
        "Path_Exposure_Var": 1531.379638671875
    }
}