{
    "warm_up": {
        "MAE": 0.805183357938965,
        "RMSE": 0.8889690283017743,
        "NDCG@5": 0.6318267634330695,
        "n_tasks": 4215,
        "User_Fairness_Gap": 0.006436720080171376,
        "Path_Exposure_Var": 553.6262817382812
    },
    "user_cold_testing": {
        "MAE": 0.8140120942836369,
        "RMSE": 0.9723420593111065,
        "NDCG@5": 0.8565120004758929,
        "n_tasks": 1208,
        "User_Fairness_Gap": 0.016747031220643027,
        "Path_Exposure_Var": 14.144553184509277
    },
    "item_cold_testing": {
        "MAE": 0.8896666496621419,
        "RMSE": 1.0124823944669104,
        "NDCG@5": 0.7894877733755797,
        "n_tasks": 4663,
        "User_Fairness_Gap": 0.061808110895644086,
        "Path_Exposure_Var": 860.7290649414062
    },
    "user_and_item_cold_testing": {
        "MAE": 0.8879470274969301,
        "RMSE": 1.0123961034955329,
        "NDCG@5": 0.8220005164103776,
        "n_tasks": 1174,
        "User_Fairness_Gap": 0.025264367063433824,
        "Path_Exposure_Var": 72.49087524414062
    }
}