{
    "warm_up": {
        "MAE": 0.7248208024115926,
        "RMSE": 0.8040298478443653,
        "NDCG@5": 0.6325860275421844,
        "n_tasks": 4215,
        "User_Fairness_Gap": 0.012076333975075904,
        "Path_Exposure_Var": 16532.3984375
    },
    "user_cold_testing": {
        "MAE": 0.7851098835813684,
        "RMSE": 0.9416938560816361,
        "NDCG@5": 0.8617002781702588,
        "n_tasks": 1208,
        "User_Fairness_Gap": 0.019684252552759296,
        "Path_Exposure_Var": 159.84596252441406
    },
    "item_cold_testing": {
        "MAE": 0.8868742265380838,
        "RMSE": 1.0019066995605086,
        "NDCG@5": 0.7923292362291159,
        "n_tasks": 4663,
        "User_Fairness_Gap": 0.07941570568320189,
        "Path_Exposure_Var": 27280.28515625
    },
    "user_and_item_cold_testing": {
        "MAE": 0.8828058727783685,
        "RMSE": 0.9974079065449885,
        "NDCG@5": 0.8223123299608441,
        "n_tasks": 1174,
        "User_Fairness_Gap": 0.006976914534666756,
        "Path_Exposure_Var": 2703.826171875
    }
}