{
    "warm_up": {
        "MAE": 0.8052179419810078,
        "RMSE": 0.8884639476844468,
        "NDCG@5": 0.6309484348743977,
        "n_tasks": 4215,
        "User_Fairness_Gap": 0.02352122213985841,
        "Path_Exposure_Var": 1044.184814453125
    },
    "user_cold_testing": {
        "MAE": 0.8022139358969517,
        "RMSE": 0.9593734592865719,
        "NDCG@5": 0.8546617773441684,
        "n_tasks": 1208,
        "User_Fairness_Gap": 0.00711623179729326,
        "Path_Exposure_Var": 8.326592445373535
    },
    "item_cold_testing": {
        "MAE": 0.8955897162164098,
        "RMSE": 1.0185280930701517,
        "NDCG@5": 0.7885580960610842,
        "n_tasks": 4663,
        "User_Fairness_Gap": 0.07968533686587143,
        "Path_Exposure_Var": 1913.607177734375
    },
    "user_and_item_cold_testing": {
        "MAE": 0.8834927197564806,
        "RMSE": 1.006813103412611,
        "NDCG@5": 0.8210865743775587,
        "n_tasks": 1174,
        "User_Fairness_Gap": 0.033520918624317275,
        "Path_Exposure_Var": 141.96957397460938
    }
}