{
    "warm_up": {
        "MAE": 0.7237782497122477,
        "RMSE": 0.8028410333904732,
        "NDCG@5": 0.6327102345928178,
        "n_tasks": 4215,
        "User_Fairness_Gap": 0.005486538330009116,
        "Path_Exposure_Var": 16163.5810546875
    },
    "user_cold_testing": {
        "MAE": 0.7852798404283081,
        "RMSE": 0.9411833563899599,
        "NDCG@5": 0.8618018206529665,
        "n_tasks": 1208,
        "User_Fairness_Gap": 0.01592036536031116,
        "Path_Exposure_Var": 176.7135772705078
    },
    "item_cold_testing": {
        "MAE": 0.8858097877649823,
        "RMSE": 1.0008337556403128,
        "NDCG@5": 0.7919281461886677,
        "n_tasks": 4663,
        "User_Fairness_Gap": 0.0775099338252041,
        "Path_Exposure_Var": 27478.12890625
    },
    "user_and_item_cold_testing": {
        "MAE": 0.8906908349801979,
        "RMSE": 1.006104378161301,
        "NDCG@5": 0.8224092619890249,
        "n_tasks": 1174,
        "User_Fairness_Gap": 0.011567415637769862,
        "Path_Exposure_Var": 2731.548828125
    }
}