{
    "warm_up": {
        "MAE": 0.766140463845727,
        "RMSE": 0.8464781341857593,
        "NDCG@5": 0.6302911731979035,
        "n_tasks": 4215,
        "User_Fairness_Gap": 0.00947103622530554,
        "Path_Exposure_Var": 4075.083984375
    },
    "user_cold_testing": {
        "MAE": 0.8041586576597086,
        "RMSE": 0.958561224293152,
        "NDCG@5": 0.8561857523310263,
        "n_tasks": 1208,
        "User_Fairness_Gap": 0.013707552699961933,
        "Path_Exposure_Var": 64.51931762695312
    },
    "item_cold_testing": {
        "MAE": 0.8963074458228936,
        "RMSE": 1.0135861436015394,
        "NDCG@5": 0.7919977694628398,
        "n_tasks": 4663,
        "User_Fairness_Gap": 0.08103628292759346,
        "Path_Exposure_Var": 10632.0478515625
    },
    "user_and_item_cold_testing": {
        "MAE": 0.8954029025500434,
        "RMSE": 1.013043813139086,
        "NDCG@5": 0.8221549340975954,
        "n_tasks": 1174,
        "User_Fairness_Gap": 0.012928306792125088,
        "Path_Exposure_Var": 999.2039794921875
    }
}