{
    "pareto_1": {
        "warm_up": {
            "MAE": 0.8292187695277685,
            "RMSE": 0.9102951059358754,
            "NDCG@5": 0.6275226601007288,
            "n_tasks": 4215,
            "User_Fairness_Gap": 0.006855583076563088,
            "Path_Exposure_Var": 2.7768821716308594
        },
        "user_cold_testing": {
            "MAE": 0.8738099585182422,
            "RMSE": 1.0259665692940552,
            "NDCG@5": 0.8364802419349847,
            "n_tasks": 1208,
            "User_Fairness_Gap": 0.017469759457469536,
            "Path_Exposure_Var": 0.05119159817695618
        },
        "item_cold_testing": {
            "MAE": 0.940969945719486,
            "RMSE": 1.0628962004475364,
            "NDCG@5": 0.7813227281802053,
            "n_tasks": 4663,
            "User_Fairness_Gap": 0.058502445335250286,
            "Path_Exposure_Var": 0.9807430505752563
        },
        "user_and_item_cold_testing": {
            "MAE": 0.9469825563987232,
            "RMSE": 1.0676676597846022,
            "NDCG@5": 0.8130171474646872,
            "n_tasks": 1174,
            "User_Fairness_Gap": 0.011332171956636827,
            "Path_Exposure_Var": 0.09200034290552139
        }
    },
    "pareto_2": {
        "warm_up": {
            "MAE": 0.8243570789297068,
            "RMSE": 0.9038319331913091,
            "NDCG@5": 0.6292998874809677,
            "n_tasks": 4215,
            "User_Fairness_Gap": 0.002011775189350695,
            "Path_Exposure_Var": 0.8908636569976807
        },
        "user_cold_testing": {
            "MAE": 0.8692554778462609,
            "RMSE": 1.0184539291662293,
            "NDCG@5": 0.8457207524569224,
            "n_tasks": 1208,
            "User_Fairness_Gap": 0.02435247425716658,
            "Path_Exposure_Var": 0.007152779959142208
        },
        "item_cold_testing": {
            "MAE": 0.9341337292389427,
            "RMSE": 1.0509680367398264,
            "NDCG@5": 0.7850246253748348,
            "n_tasks": 4663,
            "User_Fairness_Gap": 0.05240334311498418,
            "Path_Exposure_Var": 0.8119402527809143
        },
        "user_and_item_cold_testing": {
            "MAE": 0.942363634299379,
            "RMSE": 1.0584161938620285,
            "NDCG@5": 0.814331514110354,
            "n_tasks": 1174,
            "User_Fairness_Gap": 0.033689238224376306,
            "Path_Exposure_Var": 0.01994200050830841
        }
    },
    "pareto_3": {
        "warm_up": {
            "MAE": 0.8222069216174022,
            "RMSE": 0.9010771706744516,
            "NDCG@5": 0.6305365867744844,
            "n_tasks": 4215,
            "User_Fairness_Gap": 0.003408028972921473,
            "Path_Exposure_Var": 0.35400599241256714
        },
        "user_cold_testing": {
            "MAE": 0.8721143671786351,
            "RMSE": 1.019478706568973,
            "NDCG@5": 0.8453487802716281,
            "n_tasks": 1208,
            "User_Fairness_Gap": 0.027765553740703552,
            "Path_Exposure_Var": 0.0075307972729206085
        },
        "item_cold_testing": {
            "MAE": 0.940373840712054,
            "RMSE": 1.0556238732350032,
            "NDCG@5": 0.7861031685779465,
            "n_tasks": 4663,
            "User_Fairness_Gap": 0.046609668694902684,
            "Path_Exposure_Var": 0.1306110918521881
        },
        "user_and_item_cold_testing": {
            "MAE": 0.9493633860649201,
            "RMSE": 1.0636881184486555,
            "NDCG@5": 0.8166027188656481,
            "n_tasks": 1174,
            "User_Fairness_Gap": 0.04134722696756654,
            "Path_Exposure_Var": 0.006232663989067078
        }
    },
    "pareto_4": {
        "warm_up": {
            "MAE": 0.8216193139694481,
            "RMSE": 0.9006198076029724,
            "NDCG@5": 0.6304233143691632,
            "n_tasks": 4215,
            "User_Fairness_Gap": 0.005836257558791802,
            "Path_Exposure_Var": 0.9417627453804016
        },
        "user_cold_testing": {
            "MAE": 0.8673634114397677,
            "RMSE": 1.01595779460861,
            "NDCG@5": 0.8490650212231851,
            "n_tasks": 1208,
            "User_Fairness_Gap": 0.028952807175332662,
            "Path_Exposure_Var": 0.004763638600707054
        },
        "item_cold_testing": {
            "MAE": 0.9324904670665225,
            "RMSE": 1.046980791284423,
            "NDCG@5": 0.7860825060328112,
            "n_tasks": 4663,
            "User_Fairness_Gap": 0.04848174593443888,
            "Path_Exposure_Var": 0.23453088104724884
        },
        "user_and_item_cold_testing": {
            "MAE": 0.9417398001941546,
            "RMSE": 1.0553913234496646,
            "NDCG@5": 0.8168413175533333,
            "n_tasks": 1174,
            "User_Fairness_Gap": 0.03685644646763864,
            "Path_Exposure_Var": 0.008724113926291466
        }
    },
    "pareto_5": {
        "warm_up": {
            "MAE": 0.8329602821698039,
            "RMSE": 0.9086982593346886,
            "NDCG@5": 0.6305690964204419,
            "n_tasks": 4215,
            "User_Fairness_Gap": 0.009419710036474127,
            "Path_Exposure_Var": 0.5280182361602783
        },
        "user_cold_testing": {
            "MAE": 0.8861198920929274,
            "RMSE": 1.02697460416285,
            "NDCG@5": 0.8459112818864797,
            "n_tasks": 1208,
            "User_Fairness_Gap": 0.03619796842718026,
            "Path_Exposure_Var": 0.0006395496893674135
        },
        "item_cold_testing": {
            "MAE": 0.9532237409324623,
            "RMSE": 1.0658834596139959,
            "NDCG@5": 0.7863216148267967,
            "n_tasks": 4663,
            "User_Fairness_Gap": 0.04704979437217638,
            "Path_Exposure_Var": 0.15525756776332855
        },
        "user_and_item_cold_testing": {
            "MAE": 0.9628486759338712,
            "RMSE": 1.0747632496883963,
            "NDCG@5": 0.8172942495935008,
            "n_tasks": 1174,
            "User_Fairness_Gap": 0.040696492713046206,
            "Path_Exposure_Var": 0.004611637443304062
        }
    },
    "pareto_latest": {
        "warm_up": {
            "MAE": 0.8324240365734021,
            "RMSE": 0.9079592192587514,
            "NDCG@5": 0.6301487404468645,
            "n_tasks": 4215,
            "User_Fairness_Gap": 0.012672060723935452,
            "Path_Exposure_Var": 0.4234853982925415
        },
        "user_cold_testing": {
            "MAE": 0.8862285890573303,
            "RMSE": 1.0270035412557275,
            "NDCG@5": 0.8449745195738921,
            "n_tasks": 1208,
            "User_Fairness_Gap": 0.031933346422726494,
            "Path_Exposure_Var": 0.0007598188240081072
        },
        "item_cold_testing": {
            "MAE": 0.9527121394323019,
            "RMSE": 1.0652960971998038,
            "NDCG@5": 0.7866615817548378,
            "n_tasks": 4663,
            "User_Fairness_Gap": 0.04596004220631822,
            "Path_Exposure_Var": 0.18846148252487183
        },
        "user_and_item_cold_testing": {
            "MAE": 0.9633395556976077,
            "RMSE": 1.0752088886255706,
            "NDCG@5": 0.8165701180188781,
            "n_tasks": 1174,
            "User_Fairness_Gap": 0.04628902633443688,
            "Path_Exposure_Var": 0.003511852351948619
        }
    },
    "original_1": {
        "warm_up": {
            "MAE": 0.8044031834050854,
            "RMSE": 0.8881435042595445,
            "NDCG@5": 1.0195185711940977,
            "n_tasks": 4215
        },
        "user_cold_testing": {
            "MAE": 0.8139924602891435,
            "RMSE": 0.9722284570266755,
            "NDCG@5": 0.8400040447021162,
            "n_tasks": 1208
        },
        "item_cold_testing": {
            "MAE": 0.888907997263985,
            "RMSE": 1.0116977707675727,
            "NDCG@5": 0.9154261316758175,
            "n_tasks": 4663
        },
        "user_and_item_cold_testing": {
            "MAE": 0.8883855629845616,