{
    "warm_up": {
        "MAE": 0.7656960364957014,
        "RMSE": 0.8461718110215785,
        "NDCG@5": 0.630434864776425,
        "n_tasks": 4215,
        "User_Fairness_Gap": 0.004457872147502262,
        "Path_Exposure_Var": 4708.96240234375,
        "Item_Fairness_Gap": 0.9937006831169128
    },
    "user_cold_testing": {
        "MAE": 0.8024543736204012,
        "RMSE": 0.9569984419238408,
        "NDCG@5": 0.856188326072527,
        "n_tasks": 1208,
        "User_Fairness_Gap": 0.006219921980781917,
        "Path_Exposure_Var": 78.84172058105469,
        "Item_Fairness_Gap": 0.6253484487533569
    },
    "item_cold_testing": {
        "MAE": 0.8958626897926114,
        "RMSE": 1.0130845084586864,
        "NDCG@5": 0.7920087471602311,
        "n_tasks": 4663,
        "User_Fairness_Gap": 0.08216397320234359,
        "Path_Exposure_Var": 10849.03125,
        "Item_Fairness_Gap": 0.9425602555274963
    },
    "user_and_item_cold_testing": {
        "MAE": 0.8957351493177971,
        "RMSE": 1.0129160756045497,
        "NDCG@5": 0.8221141371932406,
        "n_tasks": 1174,
        "User_Fairness_Gap": 0.013113134399240112,
        "Path_Exposure_Var": 995.3764038085938,
        "Item_Fairness_Gap": 0.8735732436180115
    }
}