{
    "warm_up": {
        "MAE": 0.7548437727206472,
        "RMSE": 0.8340774525450871,
        "NDCG@5": 0.6307909875338676,
        "n_tasks": 4215,
        "User_Fairness_Gap": 0.007025781120933883,
        "Path_Exposure_Var": 5652.02978515625,
        "Item_Fairness_Gap": 0.9673483371734619
    },
    "user_cold_testing": {
        "MAE": 0.8030460048960337,
        "RMSE": 0.9552607090728638,
        "NDCG@5": 0.8604659322414662,
        "n_tasks": 1208,
        "User_Fairness_Gap": 0.0006486612323401975,
        "Path_Exposure_Var": 89.20365142822266,
        "Item_Fairness_Gap": 0.5965454578399658
    },
    "item_cold_testing": {
        "MAE": 0.9055153180857265,
        "RMSE": 1.0202004604219612,
        "NDCG@5": 0.793455233138981,
        "n_tasks": 4663,
        "User_Fairness_Gap": 0.06012271793659196,
        "Path_Exposure_Var": 15448.7724609375,
        "Item_Fairness_Gap": 0.9196835160255432
    },
    "user_and_item_cold_testing": {
        "MAE": 0.9099210426338283,
        "RMSE": 1.0260819203069558,
        "NDCG@5": 0.8203455715942691,
        "n_tasks": 1174,
        "User_Fairness_Gap": 0.021243474388671357,
        "Path_Exposure_Var": 1488.88232421875,
        "Item_Fairness_Gap": 0.8944953083992004
    }
}