{
    "warm_up": {
        "MAE": 0.7259432160208269,
        "RMSE": 0.80535206052594,
        "NDCG@5": 0.6323945393745262,
        "n_tasks": 4215,
        "User_Fairness_Gap": 0.014212245374020105,
        "Path_Exposure_Var": 16016.5615234375,
        "Item_Fairness_Gap": 0.9594406485557556
    },
    "user_cold_testing": {
        "MAE": 0.7850371308575402,
        "RMSE": 0.9420905496390295,
        "NDCG@5": 0.8614182448285446,
        "n_tasks": 1208,
        "User_Fairness_Gap": 0.000819621440502738,
        "Path_Exposure_Var": 160.18389892578125,
        "Item_Fairness_Gap": 0.651860773563385
    },
    "item_cold_testing": {
        "MAE": 0.8830455345272021,
        "RMSE": 0.9982507429213262,
        "NDCG@5": 0.7920378422193717,
        "n_tasks": 4663,
        "User_Fairness_Gap": 0.06324167248130941,
        "Path_Exposure_Var": 26915.27734375,
        "Item_Fairness_Gap": 0.8944517970085144
    },
    "user_and_item_cold_testing": {
        "MAE": 0.8870467957382104,
        "RMSE": 1.002105786547749,
        "NDCG@5": 0.8218777979718023,
        "n_tasks": 1174,
        "User_Fairness_Gap": 0.03409095549374519,
        "Path_Exposure_Var": 2527.580078125,
        "Item_Fairness_Gap": 0.8767045140266418
    }
}