{
    "warm_up": {
        "MAE": 0.8048384963458544,
        "RMSE": 0.8886025152499246,
        "NDCG@5": 0.6319233022572666,
        "n_tasks": 4215,
        "User_Fairness_Gap": 0.012415534909776982,
        "Path_Exposure_Var": 564.39990234375,
        "Item_Fairness_Gap": 1.0015724897384644
    },
    "user_cold_testing": {
        "MAE": 0.8137883152195949,
        "RMSE": 0.972121567329232,
        "NDCG@5": 0.85668596935925,
        "n_tasks": 1208,
        "User_Fairness_Gap": 0.01555288639667185,
        "Path_Exposure_Var": 14.799186706542969,
        "Item_Fairness_Gap": 0.6598345637321472
    },
    "item_cold_testing": {
        "MAE": 0.8891854668062068,
        "RMSE": 1.0120300578971204,
        "NDCG@5": 0.7894675884526169,
        "n_tasks": 4663,
        "User_Fairness_Gap": 0.06271904277362794,
        "Path_Exposure_Var": 902.8739013671875,
        "Item_Fairness_Gap": 1.013882040977478
    },
    "user_and_item_cold_testing": {
        "MAE": 0.8877341551880719,
        "RMSE": 1.0124156219589582,
        "NDCG@5": 0.8219980061692422,
        "n_tasks": 1174,
        "User_Fairness_Gap": 0.024904934111389165,
        "Path_Exposure_Var": 68.7688980102539,
        "Item_Fairness_Gap": 0.934253454208374
    }
}