{
    "warm_up": {
        "MAE": 0.8068417025897939,
        "RMSE": 0.8900644211725945,
        "NDCG@5": 0.6310928722668452,
        "n_tasks": 4215,
        "User_Fairness_Gap": 0.023044398342456196,
        "Path_Exposure_Var": 1031.566162109375,
        "Item_Fairness_Gap": 1.0217827558517456
    },
    "user_cold_testing": {
        "MAE": 0.8026342140078939,
        "RMSE": 0.9595298465378529,
        "NDCG@5": 0.8545569944671577,
        "n_tasks": 1208,
        "User_Fairness_Gap": 0.004984687717252578,
        "Path_Exposure_Var": 9.40684986114502,
        "Item_Fairness_Gap": 0.6595075726509094
    },
    "item_cold_testing": {
        "MAE": 0.8954290549026943,
        "RMSE": 1.0183818175044168,
        "NDCG@5": 0.788803985281231,
        "n_tasks": 4663,
        "User_Fairness_Gap": 0.08432557387479789,
        "Path_Exposure_Var": 1947.24658203125,
        "Item_Fairness_Gap": 0.9573285579681396
    },
    "user_and_item_cold_testing": {
        "MAE": 0.8847475077772872,
        "RMSE": 1.0085951405018896,
        "NDCG@5": 0.8210870032648302,
        "n_tasks": 1174,
        "User_Fairness_Gap": 0.030075670225058415,
        "Path_Exposure_Var": 126.27074432373047,
        "Item_Fairness_Gap": 0.896953284740448
    }
}