{
    "warm_up": {
        "MAE": 0.8339342756884025,
        "RMSE": 0.9096065367067129,
        "NDCG@5": 0.6304461623608418,
        "n_tasks": 4215,
        "User_Fairness_Gap": 0.0012927401493412205,
        "Path_Exposure_Var": 0.3794885277748108
    },
    "user_cold_testing": {
        "MAE": 0.8865198930663778,
        "RMSE": 1.027533326717402,
        "NDCG@5": 0.8456100302880758,
        "n_tasks": 1208,
        "User_Fairness_Gap": 0.03536671555092563,
        "Path_Exposure_Var": 0.00017278455197811127
    },
    "item_cold_testing": {
        "MAE": 0.9527623707673438,
        "RMSE": 1.0655593476113416,
        "NDCG@5": 0.7865698147812237,
        "n_tasks": 4663,
        "User_Fairness_Gap": 0.04728009869728966,
        "Path_Exposure_Var": 0.1533534675836563
    },
    "user_and_item_cold_testing": {
        "MAE": 0.9635981454734501,
        "RMSE": 1.0755211930385644,
        "NDCG@5": 0.8158618113923685,
        "n_tasks": 1174,
        "User_Fairness_Gap": 0.04059839810217958,
        "Path_Exposure_Var": 0.012058785185217857
    }
}