{
    "warm_up": {
        "MAE": 0.7228872004799183,
        "RMSE": 0.8016298576175389,
        "NDCG@5": 0.6325169365213064,
        "n_tasks": 4215,
        "User_Fairness_Gap": 0.007537346785381982,
        "Path_Exposure_Var": 16376.109375,
        "Item_Fairness_Gap": 0.9370243549346924
    },
    "user_cold_testing": {
        "MAE": 0.7850612883782939,
        "RMSE": 0.9406609737598622,
        "NDCG@5": 0.8610626028252775,
        "n_tasks": 1208,
        "User_Fairness_Gap": 0.00851812384143602,
        "Path_Exposure_Var": 193.5087890625,
        "Item_Fairness_Gap": 0.6344513297080994
    },
    "item_cold_testing": {
        "MAE": 0.8830212006849101,
        "RMSE": 0.9977071797366469,
        "NDCG@5": 0.7921499452733229,
        "n_tasks": 4663,
        "User_Fairness_Gap": 0.060648694621401766,
        "Path_Exposure_Var": 27131.794921875,
        "Item_Fairness_Gap": 0.8992723822593689
    },
    "user_and_item_cold_testing": {
        "MAE": 0.8878128707561217,
        "RMSE": 1.0029319425148067,
        "NDCG@5": 0.8212957880309678,
        "n_tasks": 1174,
        "User_Fairness_Gap": 0.016501487352414745,
        "Path_Exposure_Var": 2814.568359375,
        "Item_Fairness_Gap": 0.8454462289810181
    }
}