{
    "warm_up": {
        "MAE": 0.8326634512341461,
        "RMSE": 0.9082662826748664,
        "NDCG@5": 0.6305091500484588,
        "n_tasks": 4215,
        "User_Fairness_Gap": 0.00022113035076443133,
        "Path_Exposure_Var": 0.34838423132896423,
        "Item_Fairness_Gap": 0.9929465651512146
    },
    "user_cold_testing": {
        "MAE": 0.886330278109241,
        "RMSE": 1.0269870439926718,
        "NDCG@5": 0.844653949668903,
        "n_tasks": 1208,
        "User_Fairness_Gap": 0.03230726467844525,
        "Path_Exposure_Var": 0.0003988700918853283,
        "Item_Fairness_Gap": 0.6517308354377747
    },
    "item_cold_testing": {
        "MAE": 0.9527299916050144,
        "RMSE": 1.0653477071878508,
        "NDCG@5": 0.7868148591686983,
        "n_tasks": 4663,
        "User_Fairness_Gap": 0.04754352448996513,
        "Path_Exposure_Var": 0.17473474144935608,
        "Item_Fairness_Gap": 0.9773843288421631
    },
    "user_and_item_cold_testing": {
        "MAE": 0.9633672772518008,
        "RMSE": 1.0755860186491346,
        "NDCG@5": 0.8170456416148218,
        "n_tasks": 1174,
        "User_Fairness_Gap": 0.04389935848455351,
        "Path_Exposure_Var": 0.00839743111282587,
        "Item_Fairness_Gap": 0.9586548805236816
    }
}