{
    "pareto_1": {
        "warm_up": {
            "MAE": 0.830415315243768,
            "RMSE": 0.9113196075665251,
            "NDCG@5": 0.6273159916592385,
            "n_tasks": 4215,
            "User_Fairness_Gap": 0.007046575256683951,
            "Path_Exposure_Var": 3.2598047256469727,
            "Item_Fairness_Gap": 1.0662989616394043
        },
        "user_cold_testing": {
            "MAE": 0.8732423167058964,
            "RMSE": 1.02525816972534,
            "NDCG@5": 0.8365001567079112,
            "n_tasks": 1208,
            "User_Fairness_Gap": 0.017222996245099154,
            "Path_Exposure_Var": 0.04487093910574913,
            "Item_Fairness_Gap": 0.6650638580322266
        },
        "item_cold_testing": {
            "MAE": 0.940961319362813,
            "RMSE": 1.062910579359061,
            "NDCG@5": 0.7817505682340775,
            "n_tasks": 4663,
            "User_Fairness_Gap": 0.05827267338072839,
            "Path_Exposure_Var": 0.8937207460403442,
            "Item_Fairness_Gap": 1.035168170928955
        },
        "user_and_item_cold_testing": {
            "MAE": 0.946572503617614,
            "RMSE": 1.067118571877632,
            "NDCG@5": 0.8122156148286855,
            "n_tasks": 1174,
            "User_Fairness_Gap": 0.01607957262205928,
            "Path_Exposure_Var": 0.06379543989896774,
            "Item_Fairness_Gap": 0.9350023865699768
        }
    },
    "pareto_2": {
        "warm_up": {
            "MAE": 0.8248320391717613,
            "RMSE": 0.904269309053783,
            "NDCG@5": 0.6296731645659248,
            "n_tasks": 4215,
            "User_Fairness_Gap": 0.002753415173186502,
            "Path_Exposure_Var": 1.1212724447250366,
            "Item_Fairness_Gap": 1.018122673034668
        },
        "user_cold_testing": {
            "MAE": 0.8701754026855064,
            "RMSE": 1.0193955635787635,
            "NDCG@5": 0.8434132213067201,
            "n_tasks": 1208,
            "User_Fairness_Gap": 0.025269755193902954,
            "Path_Exposure_Var": 0.004415962845087051,
            "Item_Fairness_Gap": 0.6436331868171692
        },
        "item_cold_testing": {
            "MAE": 0.9337461367393292,
            "RMSE": 1.050551672666824,
            "NDCG@5": 0.7848238504947284,
            "n_tasks": 4663,
            "User_Fairness_Gap": 0.05441209923386592,
            "Path_Exposure_Var": 0.8022245764732361,
            "Item_Fairness_Gap": 1.0136024951934814
        },
        "user_and_item_cold_testing": {
            "MAE": 0.9419977311076663,
            "RMSE": 1.0582361726607536,
            "NDCG@5": 0.8144290186917899,
            "n_tasks": 1174,
            "User_Fairness_Gap": 0.03230588199055595,
            "Path_Exposure_Var": 0.021488772705197334,
            "Item_Fairness_Gap": 0.9340096712112427
        }
    },
    "pareto_3": {
        "warm_up": {
            "MAE": 0.8237123400326443,
            "RMSE": 0.9025831894694981,
            "NDCG@5": 0.6301581920695635,
            "n_tasks": 4215,
            "User_Fairness_Gap": 0.0003095995172563981,
            "Path_Exposure_Var": 0.3869062662124634,
            "Item_Fairness_Gap": 1.0377055406570435
        },
        "user_cold_testing": {
            "MAE": 0.8721766474576581,
            "RMSE": 1.0189353332589597,
            "NDCG@5": 0.8458218171091363,
            "n_tasks": 1208,
            "User_Fairness_Gap": 0.02935240596082167,
            "Path_Exposure_Var": 0.007107406388968229,
            "Item_Fairness_Gap": 0.6183832287788391
        },
        "item_cold_testing": {
            "MAE": 0.9404668465317407,
            "RMSE": 1.0557109284614727,
            "NDCG@5": 0.7858032250231484,
            "n_tasks": 4663,
            "User_Fairness_Gap": 0.04985227140698312,
            "Path_Exposure_Var": 0.13069871068000793,
            "Item_Fairness_Gap": 1.0231672525405884
        },
        "user_and_item_cold_testing": {
            "MAE": 0.9501728975615469,
            "RMSE": 1.064640537894361,
            "NDCG@5": 0.8172667423228694,
            "n_tasks": 1174,
            "User_Fairness_Gap": 0.03946065008532673,
            "Path_Exposure_Var": 0.007650560233741999,
            "Item_Fairness_Gap": 0.9224475622177124
        }
    },
    "pareto_4": {
        "warm_up": {
            "MAE": 0.8218765460988805,
            "RMSE": 0.9007329536829484,
            "NDCG@5": 0.6305105886509077,
            "n_tasks": 4215,
            "User_Fairness_Gap": 0.004171341573593557,
            "Path_Exposure_Var": 0.9735084176063538,
            "Item_Fairness_Gap": 0.9628092050552368
        },
        "user_cold_testing": {
            "MAE": 0.8672676638311503,
            "RMSE": 1.0159705740442833,
            "NDCG@5": 0.8473828048547075,
            "n_tasks": 1208,
            "User_Fairness_Gap": 0.027375299544180498,
            "Path_Exposure_Var": 0.010123303160071373,
            "Item_Fairness_Gap": 0.6526278257369995
        },
        "item_cold_testing": {
            "MAE": 0.9331457284216254,
            "RMSE": 1.0475528131013625,
            "NDCG@5": 0.7858033341815165,
            "n_tasks": 4663,
            "User_Fairness_Gap": 0.049591147767401145,
            "Path_Exposure_Var": 0.3348653018474579,
            "Item_Fairness_Gap": 1.016278862953186
        },
        "user_and_item_cold_testing": {
            "MAE": 0.9414691129093276,
            "RMSE": 1.055459260610543,
            "NDCG@5": 0.816224151328097,
            "n_tasks": 1174,
            "User_Fairness_Gap": 0.04485367662922668,
            "Path_Exposure_Var": 0.0065101804211735725,
            "Item_Fairness_Gap": 1.0086907148361206
        }
    },
    "pareto_5": {
        "warm_up": {
            "MAE": 0.8325646318999049,
            "RMSE": 0.9082212623133636,
            "NDCG@5": 0.6306802618561119,
            "n_tasks": 4215,
            "User_Fairness_Gap": 0.004705699865411361,
            "Path_Exposure_Var": 0.3887176215648651,
            "Item_Fairness_Gap": 1.045013189315796
        },
        "user_cold_testing": {
            "MAE": 0.8867777764846553,
            "RMSE": 1.027560848792065,
            "NDCG@5": 0.8463396988577453,
            "n_tasks": 1208,
            "User_Fairness_Gap": 0.0351758998335272,
            "Path_Exposure_Var": 0.00041710748337209225,
            "Item_Fairness_Gap": 0.6210137605667114
        },
        "item_cold_testing": {
            "MAE": 0.9528074443065478,
            "RMSE": 1.0653030794395888,
            "NDCG@5": 0.7866851828169115,
            "n_tasks": 4663,
            "User_Fairness_Gap": 0.041370623803440365,
            "Path_Exposure_Var": 0.16573050618171692,
            "Item_Fairness_Gap": 0.973887026309967
        },
        "user_and_item_cold_testing": {
            "MAE": 0.9636811033094356,
            "RMSE": 1.0754676638789844,
            "NDCG@5": 0.8178452745114629,
            "n_tasks": 1174,
            "User_Fairness_Gap": 0.044357517859786144,
            "Path_Exposure_Var": 0.0027936759870499372,
            "Item_Fairness_Gap": 0.9541202187538147
        }
    },
    "pareto_latest": {
        "warm_up": {
            "MAE": 0.8326634512341461,
            "RMSE": 0.9082662826748664,
            "NDCG@5": 0.6305091500484588,
            "n_tasks": 4215,
            "User_Fairness_Gap": 0.00022113035076443133,
            "Path_Exposure_Var": 0.34838423132896423,
            "Item_Fairness_Gap": 0.9929465651512146
        },
        "user_cold_testing": {
            "MAE": 0.886330278109241,
            "RMSE": 1.0269870439926718,
            "NDCG@5": 0.844653949668903,
            "n_tasks": 1208,
            "User_Fairness_Gap": 0.03230726467844525,
            "Path_Exposure_Var": 0.0003988700918853283,
            "Item_Fairness_Gap": 0.6517308354377747
        },
        "item_cold_testing": {
            "MAE": 0.9527299916050144,
            "RMSE": 1.0653477071878508,